f_Hz,T_N,mu_kgm,L_m,f_teorica,f_pysr,error_pct,err_pysr_pct
330.331191,71.750000,0.000399,0.006500,32619.789380,305.384132,9774.874147,7.552136
350.531976,71.750000,0.000399,0.006320,33548.834014,315.049551,9470.834135,10.122450
373.100000,71.750000,0.000399,0.005970,35515.683580,335.511890,9419.078955,10.074540
392.842768,71.750000,0.000399,0.005635,37627.086241,357.478103,9478.154240,9.002244
415.391748,71.750000,0.000399,0.005320,39855.005821,380.656513,9494.558874,8.362043
440.089661,71.750000,0.000399,0.005025,42194.752432,404.998328,9487.762715,7.973678
466.049542,71.750000,0.000399,0.004740,44731.778686,431.392563,9498.073736,7.436329
497.120900,71.750000,0.000399,0.004470,47433.698204,459.502284,9441.682557,7.567297
526.785700,71.750000,0.000399,0.004220,50243.751415,488.736986,9437.797137,7.222807
561.470500,71.750000,0.000399,0.003985,53206.682803,519.562173,9376.309584,7.464030
594.967100,71.750000,0.000399,0.003760,56390.593343,552.686342,9377.934720,7.106403
628.016200,71.750000,0.000399,0.003550,59726.374921,587.390517,9410.323925,6.468891
665.044500,71.750000,0.000399,0.003355,63197.803568,623.505912,9402.793207,6.245986
703.705500,71.750000,0.000399,0.003125,67849.161910,671.896838,9541.698397,4.520167
248.704663,49.550000,0.000477,0.006500,24792.440954,264.270509,9868.627309,6.258767
263.461037,49.550000,0.000477,0.006320,25498.554779,273.397249,9578.301987,3.771416
279.121796,49.550000,0.000477,0.005970,26993.444925,292.719169,9570.848107,4.871484
296.088857,49.550000,0.000477,0.005635,28598.201633,313.461147,9558.655149,5.867256
313.635975,49.550000,0.000477,0.005320,30291.516203,335.347763,9558.176554,6.922608
331.441854,49.550000,0.000477,0.005025,32069.824119,358.332945,9575.852260,8.113366
352.001126,49.550000,0.000477,0.004740,33998.073038,383.256161,9558.512580,8.879243
376.197500,49.550000,0.000477,0.004470,36051.647920,409.799254,9483.170521,8.931945
398.780500,49.550000,0.000477,0.004220,38187.409052,437.404629,9476.047237,9.685561
423.210100,49.550000,0.000477,0.003985,40439.364166,466.511848,9455.387304,10.231738
450.689400,49.550000,0.000477,0.003760,42859.272926,497.789920,9409.713991,10.450772
475.113300,49.550000,0.000477,0.003550,45394.610197,530.559941,9454.481046,11.670193
503.608600,49.550000,0.000477,0.003355,48033.045067,564.662530,9437.772998,12.123290
531.964800,49.550000,0.000477,0.003125,51568.277184,610.356503,9593.926588,14.736257
196.415270,51.280000,0.001030,0.006500,17163.744603,178.851515,8638.498083,8.942154
208.410577,51.280000,0.001030,0.006320,17652.585430,185.496164,8370.100551,10.994842
222.482879,51.280000,0.001030,0.005970,18687.494124,199.563329,8299.520092,10.301714
235.456110,51.280000,0.001030,0.005635,19798.463162,214.664357,8308.557825,8.830416
249.214973,51.280000,0.001030,0.005320,20970.740586,230.598729,8314.719362,7.469954
263.120090,51.280000,0.001030,0.005025,22201.858691,247.332903,8337.918477,5.999993
280.237785,51.280000,0.001030,0.004740,23536.780574,265.478047,8298.860480,5.266862
300.010000,51.280000,0.001030,0.004470,24958.465306,284.802528,8219.211128,5.068988
317.631400,51.280000,0.001030,0.004220,26437.047374,304.900397,8223.184476,4.008106
337.660900,51.280000,0.001030,0.003985,27996.070243,326.091669,8191.179181,3.426287
358.832600,51.280000,0.001030,0.003760,29671.367000,348.863414,8168.860466,2.778228
377.097900,51.280000,0.001030,0.003550,31426.574625,372.721360,8233.797304,1.160585
400.753000,51.280000,0.001030,0.003355,33253.156459,397.549472,8197.668753,0.799377
423.184900,51.280000,0.001030,0.003125,35700.588774,430.816595,8336.167920,1.803395
146.440913,65.650000,0.001620,0.006500,15485.188831,144.217868,10474.359661,1.518049
155.564184,65.650000,0.001620,0.006320,15926.222690,149.466844,10137.718143,3.919501
165.191564,65.650000,0.001620,0.005970,16859.920838,160.579275,10106.284407,2.792085
175.226932,65.650000,0.001620,0.005635,17862.240887,172.508411,10093.775970,1.551428
185.442903,65.650000,0.001620,0.005320,18919.873571,185.095853,10102.533106,0.187147
195.889812,65.650000,0.001620,0.005025,20030.592517,198.315101,10125.438635,1.238089
200.000000,65.650000,0.001620,0.004740,21234.963586,212.648953,10517.481793,6.324477
222.262600,65.650000,0.001620,0.004470,22517.612394,227.914429,10031.084759,2.542861
235.479300,65.650000,0.001620,0.004220,23851.594171,243.790846,10028.955781,3.529629
249.601400,65.650000,0.001620,0.003985,25258.149912,260.531004,10019.394327,4.378823
265.171500,65.650000,0.001620,0.003760,26769.608351,278.519663,9995.205688,5.033785
279.458100,65.650000,0.001620,0.003550,28353.162648,297.366373,10045.765196,6.408214
295.621500,65.650000,0.001620,0.003355,30001.110998,316.979471,10048.487508,7.224769
313.085500,65.650000,0.001620,0.003125,32209.192768,343.259010,10187.666713,9.637466
109.600680,67.000000,0.003500,0.006500,10642.901110,101.202648,9610.615947,7.662391
117.005184,67.000000,0.003500,0.006320,10946.021711,105.188056,9255.159607,10.099661
124.112624,67.000000,0.003500,0.005970,11587.748277,113.625433,9236.478356,8.449737
131.542888,67.000000,0.003500,0.005635,12276.638370,122.682913,9232.802827,6.735427
139.434964,67.000000,0.003500,0.005320,13003.544589,132.240226,9225.885141,5.159924
147.378917,67.000000,0.003500,0.005025,13766.936759,142.277254,9241.184641,3.461596
156.230733,67.000000,0.003500,0.004740,14594.695615,153.160570,9241.757115,1.965146
165.306600,67.000000,0.003500,0.004470,15476.254411,164.751245,9262.151548,0.335955
175.534900,67.000000,0.003500,0.004220,16393.094127,176.805790,9238.937230,0.724010
185.425800,67.000000,0.003500,0.003985,17359.813605,189.516152,9262.134938,2.205924
197.162300,67.000000,0.003500,0.003760,18398.632238,203.174468,9231.719217,3.049350
207.297400,67.000000,0.003500,0.003550,19487.002033,217.484279,9300.504798,4.914137
221.660000,67.000000,0.003500,0.003355,20619.629573,232.375988,9202.368299,4.834426
234.832500,67.000000,0.003500,0.003125,22137.234309,252.329351,9326.818822,7.450779
165.054970,62.200000,0.005780,0.006500,7979.724927,138.487505,4734.586276,16.096131
174.816722,62.200000,0.005780,0.006320,8206.995574,143.671533,4594.628454,17.815909
186.019175,62.200000,0.005780,0.005970,8688.142718,154.646467,4570.562977,16.865308
196.764485,62.200000,0.005780,0.005635,9204.651646,166.428001,4578.004593,15.417662
207.940000,62.200000,0.005780,0.005320,9749.663915,178.859695,4588.690927,13.984950
222.120000,62.200000,0.005780,0.005025,10322.032244,191.915378,4547.052154,13.598335
235.010000,62.200000,0.005780,0.004740,10942.660765,206.071873,4556.253251,12.313573
249.607600,62.200000,0.005780,0.004470,11603.626851,221.148465,4548.747414,11.401550
265.051800,62.200000,0.005780,0.004220,12291.045504,236.828438,4537.223933,10.648244
279.747600,62.200000,0.005780,0.003985,13015.862491,253.361465,4552.716410,9.432122
296.645600,62.200000,0.005780,0.003760,13794.737241,271.127546,4550.241649,8.602202
313.945600,62.200000,0.005780,0.003550,14610.763951,289.741060,4553.915822,7.709788
332.454700,62.200000,0.005780,0.003355,15459.973778,309.111480,4550.249727,7.021474
352.021300,62.200000,0.005780,0.003125,16597.827848,335.065855,4615.006691,4.816596
281.233568,48.609000,0.000399,0.006500,26849.026479,282.243132,9446.878288,0.358977
285.750220,48.511400,0.000399,0.006500,26822.058411,282.145532,9286.539895,1.261482
285.722919,48.756200,0.000399,0.006500,26889.648475,282.390332,9311.092599,1.166370
285.156631,51.720500,0.000399,0.006500,27695.011971,285.354632,9612.210393,0.069436
291.016800,54.252600,0.000399,0.006500,28364.849129,287.886732,9646.808129,1.075563
297.857472,55.550000,0.000399,0.006500,28702.004718,289.184132,9536.153995,2.911910
305.729121,56.591100,0.000399,0.006500,28969.718002,290.225232,9375.616168,5.071120
318.019467,58.640000,0.000399,0.006500,29489.484491,292.274132,9172.855140,8.095522
323.942989,61.320000,0.000399,0.006500,30155.829068,294.954132,9208.992660,8.948753
335.195531,74.540000,0.000399,0.006500,33247.951630,308.174132,9818.972228,8.061384
341.672623,78.390000,0.000399,0.006500,34095.772302,312.024132,9879.076463,8.677456
213.959160,37.684400,0.000477,0.006500,21621.123658,252.404909,10005.257311,17.968732
213.675840,38.220800,0.000477,0.006500,21774.457556,252.941309,10090.416266,18.376186
212.103140,39.276900,0.000477,0.006500,22073.238695,253.997409,10306.842018,19.751838
219.524840,42.317300,0.000477,0.006500,22911.653533,257.037809,10336.929840,17.088257
225.367630,43.845500,0.000477,0.006500,23321.687498,258.566009,10248.286264,14.730766
229.544670,45.317500,0.000477,0.006500,23709.938631,260.038009,10229.117479,13.284272
238.509320,45.730000,0.000477,0.006500,23817.603376,260.450509,9886.026280,9.199300
244.310390,47.230000,0.000477,0.006500,24205.074906,261.950509,9807.509421,7.220372
253.200000,55.260000,0.000477,0.006500,26182.004819,269.980509,10240.444241,6.627373
258.767320,56.630000,0.000477,0.006500,26504.568547,271.350509,10142.625903,4.862743
159.392581,34.573600,0.001030,0.006500,14093.223421,162.145115,8741.831485,1.726890
163.779528,35.357600,0.001030,0.006500,14252.118495,162.929115,8602.014656,0.519242
163.411706,35.492600,0.001030,0.006500,14279.300812,163.064115,8638.236193,0.212709
163.290680,36.259500,0.001030,0.006500,14432.745079,163.831015,8738.682686,0.330904
166.993434,38.922600,0.001030,0.006500,14953.365780,166.494115,8854.463306,0.299005
169.551534,42.221200,0.001030,0.006500,15574.113006,169.792715,9085.474540,0.142246
174.891523,43.064000,0.001030,0.006500,15728.786548,170.635515,8893.452776,2.433513
188.364880,46.720000,0.001030,0.006500,16382.849905,174.291515,8597.401503,7.471332
191.376769,49.290000,0.001030,0.006500,16827.416508,176.861515,8692.820882,7.584648
201.741509,56.300000,0.001030,0.006500,17984.245929,183.871515,8814.499558,8.857867
207.720000,59.800000,0.001030,0.006500,18534.830865,187.371515,8822.988092,9.796113
131.700115,52.359500,0.001620,0.006500,13829.194531,130.927368,10400.518165,0.586747
133.111275,52.122200,0.001620,0.006500,13797.821098,130.690068,10265.629162,1.818934
133.154959,51.194400,0.001620,0.006500,13674.465792,129.762268,10169.588045,2.547927
132.919965,54.022100,0.001620,0.006500,14047.041700,132.589968,10468.044981,0.248267
135.450487,51.325000,0.001620,0.006500,13691.896875,129.892868,10008.414653,4.103063
137.859212,53.961800,0.001620,0.006500,14039.199788,132.529668,10083.722658,3.865932
139.798710,55.690900,0.001620,0.006500,14262.355542,134.258768,10102.065163,3.962799
142.731900,56.700000,0.001620,0.006500,14390.989949,135.267868,9982.532320,5.229407
144.433600,59.040000,0.001620,0.006500,14684.944680,137.607868,10067.263490,4.725861
149.320800,70.030000,0.001620,0.006500,15993.414892,148.597868,10610.774983,0.484147
151.619400,70.830000,0.001620,0.006500,16084.507269,149.397868,10508.475742,1.465203
94.609670,47.268100,0.003500,0.006500,8939.365580,81.470748,9348.680648,13.887505
96.523100,48.933900,0.003500,0.006500,9095.520155,83.136548,9323.153790,13.868755
96.666090,49.053100,0.003500,0.006500,9106.591484,83.255748,9320.668079,13.872851
96.376430,48.914100,0.003500,0.006500,9093.679821,83.116748,9335.584842,13.758221
98.212910,49.658100,0.003500,0.006500,9162.577791,83.860748,9229.300793,14.613315
100.295800,52.530300,0.003500,0.006500,9423.832668,86.732948,9296.039184,13.522852
103.219960,55.473500,0.003500,0.006500,9684.237003,89.676148,9282.135977,13.121311
106.506950,58.120000,0.003500,0.006500,9912.550853,92.322648,9206.952131,13.317725
108.474580,59.330000,0.003500,0.006500,10015.203996,93.532648,9132.765866,13.774593
111.512800,70.680000,0.003500,0.006500,10931.276910,104.882648,9702.710460,5.945642
112.836400,72.100000,0.003500,0.006500,11040.538534,106.302648,9684.554039,5.790465
69.933146,42.797000,0.005780,0.006500,6619.106851,119.084505,9364.906501,70.283353
71.412100,45.326000,0.005780,0.006500,6811.871169,121.613505,9438.819289,70.298178
71.246017,43.041000,0.005780,0.006500,6637.948903,119.328505,9216.940377,67.487967
71.093226,46.060500,0.005780,0.006500,6866.841964,122.348005,9558.925820,72.095166
72.684482,48.163200,0.005780,0.006500,7021.831368,124.450705,9560.702219,71.220461
73.977611,50.080100,0.005780,0.006500,7160.202785,126.367605,9578.878122,70.818716
75.361011,52.598900,0.005780,0.006500,7338.056637,128.886405,9637.205693,71.025314
80.748600,54.890000,0.005780,0.006500,7496.168565,131.177505,9183.341835,62.451739
81.859800,58.060000,0.005780,0.006500,7709.589318,134.347505,9318.040745,64.119025
83.775200,66.830000,0.005780,0.006500,8271.389249,143.117505,9773.314834,70.835170
85.488200,72.230000,0.005780,0.006500,8599.071022,148.517505,9958.781238,73.728661
